timestamp,signal,noisy,filtered
0,0,-0.0385099,-0.0385099
0.00833333,0.00833324,-0.0280664,-0.0379872
0.0166667,0.0166659,0.048622,-0.0334427
0.025,0.0249974,0.111498,-0.0252696
0.0333333,0.0333272,0.053026,-0.0207099
0.0416667,0.0416546,0.120548,-0.0119912
0.05,0.0499792,0.00972308,-0.0106507
0.0583333,0.0583003,0.074193,-0.00526521
0.0666667,0.0666173,-0.0236801,-0.00641239
0.075,0.0749297,0.0462396,-0.00308863
0.0833333,0.0832369,0.0892027,0.00291027
0.0916667,0.0915383,0.158329,0.0135545
0.1,0.0998334,0.0423086,0.01552
0.108333,0.108122,0.0887203,0.0206024
0.116667,0.116402,0.039102,0.0218784
0.125,0.124675,0.140277,0.030313
0.133333,0.132939,0.156938,0.0396331
0.141667,0.141193,0.0961089,0.0438101
0.15,0.149438,0.216881,0.0572083
0.158333,0.157673,0.067538,0.057997
0.166667,0.165896,0.0737634,0.0591871
0.175,0.174108,0.0989231,0.0621793
0.183333,0.182308,0.148209,0.0687489
0.191667,0.190495,0.0959887,0.0708137
0.2,0.198669,0.225627,0.0829925
0.208333,0.20683,0.292078,0.100305
0.216667,0.214975,0.185221,0.107391
0.225,0.223106,0.133595,0.109553
0.233333,0.231222,0.216387,0.118501
0.241667,0.239321,0.316189,0.135759
0.25,0.247404,0.156782,0.137568
0.258333,0.25547,0.164811,0.139884
0.266667,0.263517,0.167903,0.142239
0.275,0.271547,0.273214,0.153484
0.283333,0.279558,0.305514,0.166876
0.291667,0.287549,0.342528,0.182828
0.3,0.29552,0.334796,0.196929
0.308333,0.303471,0.210729,0.198186
0.316667,0.311401,0.401551,0.217377
0.325,0.319309,0.267666,0.222081
0.333333,0.327195,0.365411,0.235717
0.341667,0.335058,0.429558,0.254702
0.35,0.342898,0.400613,0.269202
0.358333,0.350714,0.377235,0.279981
0.366667,0.358506,0.290475,0.281006
0.375,0.366273,0.3709,0.289789
0.383333,0.374014,0.343945,0.295032
0.391667,0.381729,0.409876,0.306231
0.4,0.389418,0.449394,0.320391
0.408333,0.39708,0.408817,0.32913
0.416667,0.404715,0.460212,0.342217
0.425,0.412321,0.350016,0.342979
0.433333,0.419898,0.460729,0.354566
0.441667,0.427447,0.460575,0.36504
0.45,0.434966,0.422736,0.370691
0.458333,0.442454,0.494404,0.382917
0.466667,0.449912,0.370493,0.381722
0.475,0.457338,0.458812,0.389119
0.483333,0.464733,0.437653,0.39373
0.491667,0.472096,0.540203,0.407881
0.5,0.479426,0.562047,0.423039
0.508333,0.486722,0.499726,0.430553
0.516667,0.493985,0.45569,0.432974
0.525,0.501213,0.488606,0.43829
0.533333,0.508407,0.414257,0.436061
0.541667,0.515565,0.547406,0.446481
0.55,0.522687,0.48588,0.450126
0.558333,0.529773,0.506342,0.455294
0.566667,0.536823,0.523481,0.461545
0.575,0.543835,0.517879,0.466679
0.583333,0.550809,0.509856,0.470578
0.591667,0.557745,0.460493,0.469689
0.6,0.564642,0.653243,0.486396
0.608333,0.571501,0.474117,0.485307
0.616667,0.578319,0.655405,0.500834
0.625,0.585097,0.565535,0.50672
0.633333,0.591835,0.610696,0.516254
0.641667,0.598531,0.602161,0.524151
0.65,0.605186,0.613684,0.532408
0.658333,0.611799,0.636438,0.542071
0.666667,0.61837,0.526166,0.540633
0.675,0.624897,0.552988,0.54173
0.683333,0.631381,0.659328,0.552312
0.691667,0.637822,0.537982,0.551056
0.7,0.644218,0.646424,0.559483
0.708333,0.650569,0.723758,0.574396
0.716667,0.656875,0.753106,0.591094
0.725,0.663135,0.618995,0.593663
0.733333,0.66935,0.593751,0.593671
0.741667,0.675518,0.682406,0.601697
0.75,0.681639,0.648052,0.605855
0.758333,0.687712,0.601187,0.605446
0.766667,0.693738,0.656204,0.609871
0.775,0.699716,0.655082,0.613785
0.783333,0.705645,0.737839,0.624707
0.791667,0.711525,0.790659,0.639729
0.8,0.717356,0.723829,0.647362
0.808333,0.723137,0.714996,0.653486
0.816667,0.728868,0.695523,0.657257
0.825,0.734548,0.70248,0.66128
0.833333,0.740177,0.785328,0.672483
0.841667,0.745755,0.793889,0.683593
0.85,0.75128,0.742967,0.689
0.858333,0.756754,0.835997,0.702654
0.866667,0.762175,0.794085,0.711175
0.875,0.767544,0.669877,0.707456
0.883333,0.772858,0.684952,0.705486
0.891667,0.77812,0.728392,0.707463
0.9,0.783327,0.817913,0.717124
0.908333,0.78848,0.87136,0.730955
0.916667,0.793578,0.756231,0.73319
0.925,0.798621,0.706382,0.730888
0.933333,0.803608,0.751949,0.732672
0.941667,0.80854,0.764369,0.73533
0.95,0.813416,0.840366,0.744255
0.958333,0.818235,0.778078,0.747101
0.966667,0.822997,0.910647,0.761297
0.975,0.827702,0.771871,0.762199
0.983333,0.832349,0.882991,0.772678
0.991667,0.836939,0.771255,0.772557
1,0.841471,0.880222,0.781825
1.00833,0.845944,0.940582,0.795871
1.01667,0.850359,0.83384,0.799198
1.025,0.854714,0.818352,0.800851
1.03333,0.85901,0.926818,0.811915
1.04167,0.863247,0.911038,0.820697
1.05,0.867423,0.890403,0.82687
1.05833,0.871539,0.888671,0.832327
1.06667,0.875595,0.802989,0.829813
1.075,0.87959,0.790784,0.826576
1.08333,0.883524,0.923662,0.834722
1.09167,0.887396,0.886855,0.839082
1.1,0.891207,0.797806,0.835742
1.10833,0.894956,0.899139,0.840883
1.11667,0.898643,0.990704,0.853398
1.125,0.902268,0.962132,0.862615
1.13333,0.905829,0.841881,0.860904
1.14167,0.909328,0.929136,0.86655
1.15,0.912764,0.81661,0.862563
1.15833,0.916136,0.857319,0.862152
1.16667,0.919445,0.984367,0.871945
1.175,0.92269,0.870154,0.871804
1.18333,0.925871,0.9616,0.878952
1.19167,0.928987,0.838021,0.875798
1.2,0.932039,0.862438,0.87479
1.20833,0.935026,0.952181,0.880689
1.21667,0.937949,0.85446,0.878742
1.225,0.940806,0.952981,0.884313
1.23333,0.943598,0.973629,0.891119
1.24167,0.946324,0.879962,0.890286
1.25,0.948985,1.00331,0.898926
1.25833,0.951579,0.943755,0.902348
1.26667,0.954108,1.04803,0.913848
1.275,0.95657,0.955519,0.917125
1.28333,0.958966,0.89716,0.915593
1.29167,0.961296,0.990258,0.921372
1.3,0.963558,0.930495,0.922068
1.30833,0.965754,1.06566,0.933388
1.31667,0.967882,1.03265,0.941336
1.325,0.969944,1.00126,0.946142
1.33333,0.971938,1.05601,0.95511
1.34167,0.973864,0.940871,0.953975
1.35,0.975723,1.04812,0.961579
1.35833,0.977515,0.93925,0.959822
1.36667,0.979238,1.06181,0.967979
1.375,0.980893,0.908907,0.963433
1.38333,0.98248,0.914178,0.959772
1.39167,0.983999,1.03277,0.965254
1.4,0.98545,1.05168,0.971837
1.40833,0.986832,0.965001,0.971326
1.41667,0.988146,1.08447,0.979984
1.425,0.989391,1.05485,0.985766
1.43333,0.990567,0.912772,0.980368
1.44167,0.991674,1.08674,0.988412
1.45,0.992713,0.948473,0.985485
1.45833,0.993683,1.04851,0.990139
1.46667,0.994583,0.918663,0.985082
1.475,0.995415,0.998624,0.986031
1.48333,0.996178,0.928149,0.982122
1.49167,0.996871,1.04254,0.986249
1.5,0.997495,0.977894,0.985688
1.50833,0.99805,0.971627,0.984761
1.51667,0.998535,0.911533,0.980137
1.525,0.998952,0.948634,0.978196
1.53333,0.999298,0.92056,0.97477
1.54167,0.999576,1.04865,0.979277
1.55,0.999784,0.942962,0.977118
1.55833,0.999922,0.999262,0.978438
1.56667,0.999991,0.904246,0.974206
1.575,0.999991,1.01354,0.976478
1.58333,0.999921,1.04384,0.980469
1.59167,0.999782,0.949724,0.978688
1.6,0.999574,1.07556,0.98452
1.60833,0.999296,1.03091,0.987348
1.61667,0.998948,0.935323,0.98428
1.625,0.998531,1.05314,0.988441
1.63333,0.998045,0.930579,0.985067
1.64167,0.99749,1.09324,0.991652
1.65,0.996865,1.03678,0.99443
1.65833,0.996171,1.00796,0.995261
1.66667,0.995408,0.932059,0.991529
1.675,0.994576,1.08245,0.997084
1.68333,0.993674,0.975399,0.995785
1.69167,0.992704,1.03516,0.998168
1.7,0.991665,1.07061,1.00266
1.70833,0.990557,0.975585,1.00102
1.71667,0.98938,0.959802,0.998586
1.725,0.988134,1.07458,1.00319
1.73333,0.98682,1.04762,1.00592
1.74167,0.985437,1.07037,1.00995
1.75,0.983986,0.921807,1.00471
1.75833,0.982466,0.942086,1.00112
1.76667,0.980879,0.902779,0.995798
1.775,0.979223,0.964481,0.994137
1.78333,0.977499,1.01122,0.995048
1.79167,0.975707,0.986976,0.994621
1.8,0.973848,0.969665,0.993321
1.80833,0.97192,1.07034,0.99749
1.81667,0.969926,0.881189,0.9916
1.825,0.967864,0.962377,0.990145
1.83333,0.965735,0.952177,0.988216
1.84167,0.963538,0.895071,0.983245
1.85,0.961275,1.03435,0.98589
1.85833,0.958945,0.859543,0.978917
1.86667,0.956549,0.90227,0.974543
1.875,0.954086,0.886349,0.969327
1.88333,0.951557,0.895146,0.964822
1.89167,0.948961,0.849935,0.957544
1.9,0.9463,1.00719,0.960588
1.90833,0.943573,0.874621,0.955162
1.91667,0.940781,0.868176,0.949521
1.925,0.937923,0.866467,0.944009
1.93333,0.935,0.968107,0.945573
1.94167,0.932012,0.957349,0.946324
1.95,0.92896,0.971171,0.947876
1.95833,0.925843,0.968437,0.949136
1.96667,0.922661,1.00345,0.952352
1.975,0.919416,0.867785,0.947187
1.98333,0.916107,0.959463,0.947925
1.99167,0.912734,0.996814,0.950776
2,0.909297,0.840355,0.944047
2.00833,0.905798,0.994387,0.947017
2.01667,0.902236,0.809371,0.938435
2.025,0.898611,0.930054,0.937916
2.03333,0.894923,0.970108,0.939862
2.04167,0.891174,0.91396,0.938291
2.05,0.887362,0.85715,0.933231
2.05833,0.883489,0.904599,0.931441
2.06667,0.879555,0.861406,0.926971
2.075,0.875559,0.843549,0.921514
2.08333,0.871503,0.877406,0.91861
2.09167,0.867386,0.883933,0.916321
2.1,0.863209,0.95528,0.91882
2.10833,0.858972,0.89457,0.917265
2.11667,0.854676,0.940222,0.918706
2.125,0.85032,0.832032,0.913115
2.13333,0.845905,0.879813,0.91096
2.14167,0.841431,0.938163,0.91268
2.15,0.836899,0.811391,0.906062
2.15833,0.832308,0.919585,0.90693
2.16667,0.82766,0.891743,0.90596
2.175,0.822955,0.853485,0.902567
2.18333,0.818192,0.742877,0.891664
2.19167,0.813372,0.786175,0.884255
2.2,0.808496,0.900227,0.885354
2.20833,0.803564,0.711621,0.872746
2.21667,0.798576,0.710777,0.860469
2.225,0.793533,0.754724,0.852288
2.23333,0.788434,0.730897,0.842667
2.24167,0.783281,0.763726,0.836357
2.25,0.778073,0.727071,0.827466
2.25833,0.772811,0.786783,0.824174
2.26667,0.767496,0.781291,0.82072
2.275,0.762127,0.82116,0.820754
2.28333,0.756706,0.718125,0.812507
2.29167,0.751232,0.732673,0.806041
2.3,0.745705,0.83153,0.80805
2.30833,0.740127,0.8028,0.807643
2.31667,0.734498,0.67734,0.797262
2.325,0.728817,0.67548,0.787343
2.33333,0.723086,0.691861,0.779471
2.34167,0.717305,0.728598,0.775289
2.35,0.711473,0.727649,0.771387
2.35833,0.705593,0.777535,0.77188
2.36667,0.699663,0.626144,0.759846
2.375,0.693685,0.661974,0.751666
2.38333,0.687659,0.722082,0.749219
2.39167,0.681585,0.642391,0.740251
2.4,0.675463,0.743098,0.740485
2.40833,0.669295,0.601154,0.728734
2.41667,0.66308,0.626336,0.719993
2.425,0.656819,0.705339,0.718762
2.43333,0.650513,0.720785,0.718928
2.44167,0.644161,0.710128,0.718216
2.45,0.637765,0.545971,0.703741
2.45833,0.631324,0.651172,0.699337
2.46667,0.62484,0.60873,0.691679
2.475,0.618312,0.662059,0.689202
2.48333,0.611741,0.680956,0.688524
2.49167,0.605127,0.704665,0.689819
2.5,0.598472,0.525335,0.676151
2.50833,0.591775,0.571052,0.667296
2.51667,0.585037,0.488002,0.651644
2.525,0.578259,0.501072,0.638181
2.53333,0.57144,0.50367,0.625939
2.54167,0.564581,0.551055,0.619126
2.55,0.557684,0.620131,0.619215
2.55833,0.550747,0.500137,0.608474
2.56667,0.543773,0.54037,0.602342
2.575,0.53676,0.54802,0.597479
2.58333,0.529711,0.579951,0.595935
2.59167,0.522624,0.512952,0.588599
2.6,0.515501,0.563287,0.586391
2.60833,0.508343,0.443482,0.573651
2.61667,0.501149,0.590761,0.575136
2.625,0.49392,0.40942,0.560328
2.63333,0.486657,0.492231,0.554251
2.64167,0.479361,0.553133,0.554154
2.65,0.472031,0.561166,0.554752
2.65833,0.464668,0.561312,0.5553
2.66667,0.457273,0.555419,0.55531
2.675,0.449846,0.390766,0.541378
2.68333,0.442388,0.483065,0.536449
2.69167,0.434899,0.497034,0.533143
2.7,0.42738,0.525594,0.53252
2.70833,0.419831,0.501019,0.529946
2.71667,0.412253,0.329897,0.512857
2.725,0.404647,0.437562,0.506405
2.73333,0.397012,0.401387,0.497299
2.74167,0.38935,0.312853,0.480746
2.75,0.381661,0.289332,0.462985
2.75833,0.373945,0.400447,0.45721
2.76667,0.366204,0.372821,0.449404
2.775,0.358437,0.379365,0.442941
2.78333,0.350645,0.300605,0.429574
2.79167,0.342828,0.334611,0.420623
2.8,0.334988,0.421584,0.420712
2.80833,0.327125,0.342735,0.413529
2.81667,0.319239,0.273586,0.400416
2.825,0.31133,0.228108,0.383869
2.83333,0.3034,0.377484,0.383269
2.84167,0.295449,0.223262,0.367907
2.85,0.287478,0.233684,0.354855
2.85833,0.279487,0.36955,0.356245
2.86667,0.271476,0.36546,0.357095
2.875,0.263446,0.260799,0.348168
2.88333,0.255398,0.163995,0.330598
2.89167,0.247332,0.242763,0.322211
2.9,0.239249,0.236595,0.314034
2.90833,0.23115,0.221315,0.30516
2.91667,0.223034,0.136039,0.288611
2.925,0.214903,0.290271,0.288769
2.93333,0.206757,0.119666,0.27225
2.94167,0.198597,0.264658,0.271524
2.95,0.190423,0.2878,0.273038
2.95833,0.182235,0.197194,0.265991
2.96667,0.174035,0.187655,0.258716
2.975,0.165823,0.0782684,0.24149
2.98333,0.1576,0.22578,0.240018
2.99167,0.149365,0.0561476,0.222307
3,0.14112,0.237257,0.223708
3.00833,0.132865,0.101042,0.21208
3.01667,0.124601,0.0723786,0.198636
3.025,0.116329,0.209619,0.199665
3.03333,0.108048,0.0410192,0.184478
3.04167,0.0997598,0.146597,0.180898
3.05,0.0914646,0.0927221,0.172551
3.05833,0.0831632,0.0171409,0.157553
3.06667,0.0748559,0.0382186,0.145937
3.075,0.0665434,0.103041,0.141811
3.08333,0.0582264,0.0728116,0.135205
3.09167,0.0499052,-0.0168824,0.120383
3.1,0.0415807,0.140865,0.122322
3.10833,0.0332532,0.111984,0.121363
3.11667,0.0249234,0.0611018,0.1158
3.125,0.0165919,0.0663637,0.111274
3.13333,0.00825923,-0.0763146,0.0935658
3.14167,-7.40131e-05,-0.0325633,0.0815186
3.15,-0.00840725,-0.0551868,0.0682797
3.15833,-0.0167399,-0.040249,0.0577109
3.16667,-0.0250714,0.0568236,0.0576265
3.175,-0.0334011,-0.023862,0.0498782
3.18333,-0.0417286,-0.117245,0.0336323
3.19167,-0.0500531,-0.0536684,0.0251475
3.2,-0.0583741,-0.0204385,0.0207663
3.20833,-0.0666911,-0.0820722,0.0108382
3.21667,-0.0750035,0.0153436,0.0112626
3.225,-0.0833107,-0.0195079,0.00840446
3.23333,-0.091612,-0.157894,-0.00741215
3.24167,-0.0999071,-0.100792,-0.0163161
3.25,-0.108195,-0.188343,-0.0331037
3.25833,-0.116476,-0.169006,-0.0465289
3.26667,-0.124748,-0.207471,-0.0627123
3.275,-0.133012,-0.0528409,-0.0617458
3.28333,-0.141267,-0.105652,-0.0659936
3.29167,-0.149511,-0.181442,-0.0772461
3.3,-0.157746,-0.219727,-0.0913287
3.30833,-0.165969,-0.086656,-0.0908783
3.31667,-0.174181,-0.158067,-0.097322
3.325,-0.182381,-0.149939,-0.102324
3.33333,-0.190568,-0.139416,-0.105806
3.34167,-0.198742,-0.280468,-0.122617
3.35,-0.206902,-0.17473,-0.127587
3.35833,-0.215048,-0.305268,-0.144957
3.36667,-0.223179,-0.158464,-0.146251
3.375,-0.231294,-0.174769,-0.148943
3.38333,-0.239393,-0.223604,-0.155974
3.39167,-0.247476,-0.283438,-0.168126
3.4,-0.255541,-0.282646,-0.179132
3.40833,-0.263589,-0.220254,-0.183037
3.41667,-0.271618,-0.349833,-0.19923
3.425,-0.279629,-0.243244,-0.203454
3.43333,-0.28762,-0.378364,-0.220638
3.44167,-0.295591,-0.236902,-0.222205
3.45,-0.303542,-0.319945,-0.231652
3.45833,-0.311471,-0.407357,-0.249031
3.46667,-0.319379,-0.267149,-0.250789
3.475,-0.327265,-0.291404,-0.254682
3.48333,-0.335128,-0.431519,-0.272043
3.49167,-0.342967,-0.390778,-0.283787
3.5,-0.350783,-0.307564,-0.286098
3.50833,-0.358575,-0.367601,-0.294006
3.51667,-0.366341,-0.465211,-0.31098
3.525,-0.374083,-0.280323,-0.308036
3.53333,-0.381798,-0.370825,-0.314029
3.54167,-0.389487,-0.37341,-0.319658
3.55,-0.397148,-0.394264,-0.326714
3.55833,-0.404782,-0.332231,-0.327225
3.56667,-0.412388,-0.439595,-0.337725
3.575,-0.419966,-0.479596,-0.351204
3.58333,-0.427514,-0.433972,-0.359066
3.59167,-0.435032,-0.378641,-0.360893
3.6,-0.44252,-0.48315,-0.372436
3.60833,-0.449978,-0.519333,-0.386546
3.61667,-0.457404,-0.50383,-0.397907
3.625,-0.464799,-0.549269,-0.412814
3.63333,-0.472161,-0.566041,-0.428149
3.64167,-0.47949,-0.522325,-0.437576
3.65,-0.486787,-0.401423,-0.434076
3.65833,-0.494049,-0.586108,-0.449043
3.66667,-0.501277,-0.528588,-0.456852
3.675,-0.50847,-0.526246,-0.463628
3.68333,-0.515628,-0.470659,-0.464299
3.69167,-0.52275,-0.517238,-0.469315
3.7,-0.529836,-0.478972,-0.470211
3.70833,-0.536885,-0.462968,-0.469555
3.71667,-0.543897,-0.613985,-0.4829
3.725,-0.550871,-0.516697,-0.485984
3.73333,-0.557807,-0.60137,-0.496627
3.74167,-0.564704,-0.533471,-0.499986
3.75,-0.571561,-0.650175,-0.513965
3.75833,-0.578379,-0.634433,-0.525303
3.76667,-0.585157,-0.680072,-0.540157
3.775,-0.591895,-0.622689,-0.548072
3.78333,-0.598591,-0.563904,-0.549562
3.79167,-0.605245,-0.624583,-0.556609
3.8,-0.611858,-0.625285,-0.563037
3.80833,-0.618428,-0.692517,-0.575318
3.81667,-0.624955,-0.644846,-0.581887
3.825,-0.631439,-0.54603,-0.578609
3.83333,-0.637879,-0.575679,-0.578347
3.84167,-0.644274,-0.648791,-0.584638
3.85,-0.650625,-0.56108,-0.582593
3.85833,-0.656931,-0.664147,-0.589702
3.86667,-0.663191,-0.74794,-0.603862
3.875,-0.669405,-0.645917,-0.607592
3.88333,-0.675572,-0.723812,-0.618034
3.89167,-0.681693,-0.643557,-0.620295
3.9,-0.687766,-0.741776,-0.631215
3.90833,-0.693792,-0.644202,-0.632362
3.91667,-0.699769,-0.639321,-0.632965
3.925,-0.705698,-0.750869,-0.643335
3.93333,-0.711577,-0.713365,-0.649495
3.94167,-0.717408,-0.759742,-0.659307
3.95,-0.723188,-0.642367,-0.657838
3.95833,-0.728918,-0.767799,-0.667491
3.96667,-0.734598,-0.803195,-0.679635
3.975,-0.740227,-0.648656,-0.676946
3.98333,-0.745804,-0.719967,-0.680652
3.99167,-0.751329,-0.717422,-0.68379
4,-0.756802,-0.678092,-0.683315
4.00833,-0.762223,-0.666642,-0.681957
4.01667,-0.767591,-0.737129,-0.686446
4.025,-0.772905,-0.796617,-0.695563
4.03333,-0.778166,-0.697477,-0.695718
4.04167,-0.783373,-0.834111,-0.707253
4.05,-0.788525,-0.740656,-0.710012
4.05833,-0.793623,-0.85579,-0.722383
4.06667,-0.798665,-0.838512,-0.732396
4.075,-0.803652,-0.715314,-0.730961
4.08333,-0.808584,-0.899276,-0.745568
4.09167,-0.813459,-0.879134,-0.757388
4.1,-0.818277,-0.818637,-0.762792
4.10833,-0.823039,-0.879782,-0.773256
4.11667,-0.827743,-0.914533,-0.786141
4.125,-0.832391,-0.90626,-0.797232
4.13333,-0.83698,-0.766519,-0.794483
4.14167,-0.841511,-0.805935,-0.79549
4.15,-0.845984,-0.91742,-0.806372
4.15833,-0.850398,-0.875509,-0.812537
4.16667,-0.854753,-0.895285,-0.819937
4.175,-0.859048,-0.879054,-0.825203
4.18333,-0.863284,-0.894239,-0.831346
4.19167,-0.86746,-0.921757,-0.839434
4.2,-0.871576,-0.844164,-0.839849
4.20833,-0.875631,-0.965658,-0.851064
4.21667,-0.879625,-0.966041,-0.861441
4.225,-0.883559,-0.87088,-0.862277
4.23333,-0.887431,-0.799261,-0.856917
4.24167,-0.891241,-0.81828,-0.853735
4.25,-0.894989,-0.838928,-0.852545
4.25833,-0.898676,-0.868247,-0.85379
4.26667,-0.9023,-0.894703,-0.857022
4.275,-0.905861,-0.834394,-0.85528
4.28333,-0.909359,-0.962987,-0.863737
4.29167,-0.912794,-0.834651,-0.861516
4.3,-0.916166,-0.963765,-0.869471
4.30833,-0.919474,-0.922053,-0.873564
4.31667,-0.922718,-0.865554,-0.872953
4.325,-0.925899,-0.970832,-0.880548
4.33333,-0.929015,-0.917005,-0.883363
4.34167,-0.932066,-0.88314,-0.883346
4.35,-0.935053,-1.03335,-0.895139
4.35833,-0.937974,-0.888257,-0.894609
4.36667,-0.940831,-0.948224,-0.898745
4.375,-0.943622,-1.00717,-0.907279
4.38333,-0.946348,-1.02564,-0.916801
4.39167,-0.949008,-0.943412,-0.918921
4.4,-0.951602,-0.907098,-0.918
4.40833,-0.95413,-0.972586,-0.922258
4.41667,-0.956592,-0.938077,-0.923477
4.425,-0.958987,-0.987552,-0.92844
4.43333,-0.961316,-1.04947,-0.938041
4.44167,-0.963578,-0.913828,-0.93617
4.45,-0.965773,-1.01899,-0.942641
4.45833,-0.967901,-0.919595,-0.940886
4.46667,-0.969962,-0.889748,-0.937127
4.475,-0.971955,-1.02571,-0.943746
4.48333,-0.973881,-1.00096,-0.948039
4.49167,-0.97574,-1.02559,-0.953924
4.5,-0.97753,-0.957968,-0.954227
4.50833,-0.979253,-1.00453,-0.957993
4.51667,-0.980907,-0.898139,-0.953681
4.525,-0.982494,-0.889598,-0.949245
4.53333,-0.984012,-0.88522,-0.944985
4.54167,-0.985462,-0.9755,-0.947016
4.55,-0.986844,-0.949051,-0.94715
4.55833,-0.988157,-1.01151,-0.951445
4.56667,-0.989401,-1.03018,-0.956804
4.575,-0.990577,-1.08755,-0.966049
4.58333,-0.991684,-1.08693,-0.974867
4.59167,-0.992722,-0.914057,-0.9706
4.6,-0.993691,-1.07874,-0.978397
4.60833,-0.994591,-1.04296,-0.983095
4.61667,-0.995422,-0.96527,-0.981826
4.625,-0.996184,-1.02252,-0.984725
4.63333,-0.996877,-1.07639,-0.991383
4.64167,-0.9975,-0.97092,-0.989931
4.65,-0.998054,-1.06901,-0.995631
4.65833,-0.998539,-0.984933,-0.994874
4.66667,-0.998955,-0.915461,-0.989512
4.675,-0.999301,-0.911268,-0.984463
4.68333,-0.999578,-1.01977,-0.98675
4.69167,-0.999785,-0.962878,-0.985237
4.7,-0.999923,-1.09796,-0.992653
4.70833,-0.999992,-1.04046,-0.995823
4.71667,-0.999991,-0.940494,-0.992283
4.725,-0.99992,-1.0396,-0.995339
4.73333,-0.999781,-0.95414,-0.992755
4.74167,-0.999571,-0.917353,-0.988229
4.75,-0.999293,-0.95839,-0.986478
4.75833,-0.998945,-0.938247,-0.983734
4.76667,-0.998527,-1.05607,-0.98797
4.775,-0.998041,-0.949062,-0.98575
4.78333,-0.997485,-1.02025,-0.987739
4.79167,-0.996859,-1.04109,-0.990873
4.8,-0.996165,-0.987285,-0.990664
4.80833,-0.995401,-0.960422,-0.988942
4.81667,-0.994568,-0.90956,-0.984626
4.825,-0.993666,-1.06769,-0.989316
4.83333,-0.992695,-1.07638,-0.994413
4.84167,-0.991655,-0.950008,-0.991887
4.85,-0.990547,-1.01897,-0.993439
4.85833,-0.989369,-0.910603,-0.988916
4.86667,-0.988123,-0.975565,-0.988195
4.875,-0.986808,-0.931398,-0.985231
4.88333,-0.985425,-0.911561,-0.981549
4.89167,-0.983973,-0.960576,-0.980497
4.9,-0.982453,-0.959819,-0.979449
4.90833,-0.980864,-0.979929,-0.979474
4.91667,-0.979208,-1.05892,-0.983538
4.925,-0.977483,-1.03278,-0.986122
4.93333,-0.975691,-0.923962,-0.982977
4.94167,-0.973831,-0.97137,-0.982394
4.95,-0.971903,-1.01667,-0.984148
4.95833,-0.969908,-0.951035,-0.982487
4.96667,-0.967845,-0.969811,-0.981856
4.975,-0.965715,-1.01118,-0.98334
4.98333,-0.963519,-1.00492,-0.984444
4.99167,-0.961255,-0.967642,-0.983593
5,-0.958924,-0.905763,-0.979615
5.00833,-0.956527,-0.869976,-0.973681
5.01667,-0.954064,-0.884454,-0.968649
5.025,-0.951534,-1.02131,-0.971524
5.03333,-0.948938,-1.02475,-0.974338
5.04167,-0.946276,-0.852387,-0.967493
5.05,-0.943549,-0.949486,-0.966479
5.05833,-0.940756,-0.921439,-0.963901
5.06667,-0.937897,-0.884198,-0.959192
5.075,-0.934974,-1.01116,-0.962164
5.08333,-0.931985,-0.852881,-0.955624
5.09167,-0.928932,-1.02554,-0.959638
5.1,-0.925815,-0.888208,-0.955423
5.10833,-0.922633,-0.870573,-0.950256
5.11667,-0.919387,-0.948854,-0.950171
5.125,-0.916077,-0.975161,-0.95165
5.13333,-0.912703,-0.936234,-0.950738
5.14167,-0.909267,-0.983146,-0.952611
5.15,-0.905767,-0.993616,-0.954917
5.15833,-0.902204,-0.986699,-0.956666
5.16667,-0.898578,-0.803351,-0.947615
5.175,-0.89489,-0.80314,-0.938576
5.18333,-0.89114,-0.840797,-0.932258
5.19167,-0.887328,-0.969963,-0.934628
5.2,-0.883455,-0.923497,-0.933932
5.20833,-0.87952,-0.873537,-0.930094
5.21667,-0.875524,-0.91995,-0.929453
5.225,-0.871467,-0.942455,-0.930261
5.23333,-0.86735,-0.957088,-0.931892
5.24167,-0.863172,-0.900984,-0.930003
5.25,-0.858934,-0.771593,-0.919724
5.25833,-0.854637,-0.899414,-0.91841
5.26667,-0.850281,-0.80548,-0.910838
5.275,-0.845865,-0.885008,-0.909109
5.28333,-0.841391,-0.909306,-0.909122
5.29167,-0.836858,-0.882762,-0.907383
5.3,-0.832267,-0.740996,-0.895783
5.30833,-0.827619,-0.820888,-0.890482
5.31667,-0.822913,-0.893306,-0.890679
5.325,-0.818149,-0.721799,-0.878308
5.33333,-0.813329,-0.857902,-0.876825
5.34167,-0.808453,-0.736714,-0.866273
5.35,-0.80352,-0.886138,-0.867734
5.35833,-0.798532,-0.759533,-0.859588
5.36667,-0.793488,-0.739206,-0.850287
5.375,-0.788389,-0.880657,-0.852569
5.38333,-0.783235,-0.742419,-0.844105
5.39167,-0.778027,-0.784683,-0.839523
5.4,-0.772764,-0.839748,-0.83954
5.40833,-0.767449,-0.75136,-0.832762
5.41667,-0.762079,-0.764241,-0.827459
5.425,-0.756657,-0.677803,-0.815483
5.43333,-0.751183,-0.849813,-0.818149
5.44167,-0.745656,-0.8305,-0.819087
5.45,-0.740077,-0.714652,-0.810994
5.45833,-0.734447,-0.804725,-0.810516
5.46667,-0.728766,-0.688006,-0.800924
5.475,-0.723035,-0.672292,-0.790591
5.48333,-0.717253,-0.69021,-0.782409
5.49167,-0.711421,-0.795854,-0.783479
5.5,-0.70554,-0.76267,-0.781841
5.50833,-0.69961,-0.680616,-0.773741
5.51667,-0.693632,-0.661496,-0.764589
5.525,-0.687605,-0.58839,-0.749676
5.53333,-0.68153,-0.779513,-0.752128
5.54167,-0.675409,-0.661368,-0.744594
5.55,-0.66924,-0.693113,-0.740333
5.55833,-0.663025,-0.695693,-0.736657
5.56667,-0.656763,-0.722039,-0.73547
5.575,-0.650457,-0.736403,-0.735544
5.58333,-0.644104,-0.738569,-0.735781
5.59167,-0.637708,-0.695269,-0.732628
5.6,-0.631267,-0.666656,-0.727468
5.60833,-0.624782,-0.620466,-0.718942
5.61667,-0.618253,-0.679624,-0.715824
5.625,-0.611682,-0.671886,-0.712352
5.63333,-0.605069,-0.654554,-0.707778
5.64167,-0.598413,-0.507857,-0.691182
5.65,-0.591716,-0.61305,-0.684661
5.65833,-0.584977,-0.546608,-0.672861
5.66667,-0.578198,-0.499738,-0.657578
5.675,-0.571379,-0.4923,-0.642583
5.68333,-0.56452,-0.48034,-0.6275
5.69167,-0.557622,-0.531177,-0.618505
5.7,-0.550686,-0.488741,-0.606222
5.70833,-0.543711,-0.633654,-0.608741
5.71667,-0.536698,-0.620426,-0.609787
5.725,-0.529648,-0.551659,-0.604607
5.73333,-0.522561,-0.466036,-0.59202
5.74167,-0.515438,-0.505663,-0.584153
5.75,-0.508279,-0.417878,-0.568619
5.75833,-0.501085,-0.53532,-0.565548
5.76667,-0.493856,-0.477283,-0.557387
5.775,-0.486593,-0.543153,-0.556095
5.78333,-0.479296,-0.49115,-0.550216
5.79167,-0.471965,-0.511793,-0.546774
5.8,-0.464602,-0.445562,-0.537635
5.80833,-0.457207,-0.444969,-0.529224
5.81667,-0.44978,-0.363686,-0.513816
5.825,-0.442321,-0.473087,-0.510066
5.83333,-0.434832,-0.518512,-0.510825
5.84167,-0.427313,-0.437476,-0.504236
5.85,-0.419764,-0.432785,-0.497822
5.85833,-0.412186,-0.448887,-0.493461
5.86667,-0.404579,-0.435234,-0.488293
5.875,-0.396944,-0.407001,-0.481057
5.88333,-0.389282,-0.410809,-0.474808
5.89167,-0.381593,-0.387206,-0.46698
5.9,-0.373877,-0.319375,-0.453504
5.90833,-0.366135,-0.359473,-0.444877
5.91667,-0.358367,-0.401968,-0.440979
5.925,-0.350575,-0.347434,-0.432437
5.93333,-0.342759,-0.349792,-0.424877
5.94167,-0.334918,-0.336015,-0.416722
5.95,-0.327055,-0.362737,-0.4118
5.95833,-0.319169,-0.225621,-0.394299
5.96667,-0.31126,-0.251945,-0.380697
5.975,-0.30333,-0.203662,-0.363364
5.98333,-0.295379,-0.374702,-0.364445
5.99167,-0.287407,-0.271813,-0.355595
6,-0.279415,-0.195223,-0.339963
6.00833,-0.271404,-0.254921,-0.331681
6.01667,-0.263375,-0.227165,-0.32146
6.025,-0.255326,-0.287958,-0.318231
6.03333,-0.247261,-0.280216,-0.314614
6.04167,-0.239177,-0.313683,-0.314528
6.05,-0.231078,-0.251383,-0.308682
6.05833,-0.222962,-0.285225,-0.306544
6.06667,-0.214831,-0.267148,-0.302991
6.075,-0.206685,-0.301452,-0.302855
6.08333,-0.198524,-0.155991,-0.289597
6.09167,-0.19035,-0.126165,-0.274469
6.1,-0.182163,-0.229554,-0.270351
6.10833,-0.173962,-0.0794486,-0.252291
6.11667,-0.16575,-0.0736363,-0.234952
6.125,-0.157526,-0.200558,-0.231661
6.13333,-0.149292,-0.189044,-0.227629
6.14167,-0.141047,-0.0566984,-0.211074
6.15,-0.132792,-0.090654,-0.19931
6.15833,-0.124528,-0.112543,-0.190838
6.16667,-0.116255,-0.0794328,-0.179897
6.175,-0.107974,-0.0337406,-0.165334
6.18333,-0.0996861,-0.0526936,-0.154054
6.19167,-0.0913909,-0.088401,-0.147527
6.2,-0.0830894,-0.0317388,-0.135946
6.20833,-0.0747821,-0.0251936,-0.12482
6.21667,-0.0664696,-0.0327765,-0.115579
6.225,-0.0581525,0.0215932,-0.101659
6.23333,-0.0498313,0.0360267,-0.0875435
6.24167,-0.0415067,-0.0251824,-0.081207
6.25,-0.0331792,-0.0704359,-0.080136
6.25833,-0.0248494,0.00239546,-0.0719499
6.26667,-0.0165179,-0.11184,-0.0757726
6.275,-0.00818522,-0.0835358,-0.076498
6.28333,0.000148026,-0.0167085,-0.0709432
6.29167,0.00848126,0.101254,-0.0545361
6.3,0.0168139,0.0553228,-0.0439969
6.30833,0.0251454,0.0439169,-0.0355576
6.31667,0.0334751,0.125805,-0.0197563
6.325,0.0418025,0.029874,-0.0149466
6.33333,0.050127,-0.033129,-0.0166595
6.34167,0.058448,-0.0253708,-0.0174598
6.35,0.066765,0.12335,-0.00429468
6.35833,0.0750773,0.095891,0.00512212
6.36667,0.0833844,0.0987936,0.0139552
6.375,0.0916857,0.0731513,0.0195021
6.38333,0.0999807,0.191736,0.0360425
6.39167,0.108269,0.0413992,0.0365459
6.4,0.116549,0.0406376,0.0369223
6.40833,0.124822,0.0778773,0.0406503
6.41667,0.133085,0.140164,0.0497689
6.425,0.14134,0.108751,0.0551458
6.43333,0.149584,0.22887,0.0714185
6.44167,0.157819,0.10603,0.0746192
6.45,0.166042,0.159205,0.0824536
6.45833,0.174254,0.258977,0.0992447
6.46667,0.182454,0.119131,0.101104
6.475,0.190641,0.120417,0.102878
6.48333,0.198814,0.146056,0.106808
6.49167,0.206974,0.290491,0.124033
6.5,0.21512,0.273001,0.138261
6.50833,0.223251,0.231698,0.147206
6.51667,0.231366,0.206742,0.152866
6.525,0.239465,0.187256,0.156092
6.53333,0.247547,0.175311,0.157865
6.54167,0.255613,0.181794,0.160037
6.55,0.26366,0.192588,0.162957
6.55833,0.271689,0.355709,0.180838
6.56667,0.2797,0.20045,0.182628
6.575,0.287691,0.3369,0.197011
6.58333,0.295662,0.360634,0.212616
6.59167,0.303612,0.297796,0.220741
6.6,0.311541,0.357495,0.233968
6.60833,0.319449,0.25708,0.236166
6.61667,0.327335,0.298206,0.242031
6.625,0.335197,0.374233,0.254695
6.63333,0.343037,0.415999,0.270459
6.64167,0.350853,0.425967,0.28592
6.65,0.358644,0.404664,0.297804
6.65833,0.36641,0.419603,0.310082
6.66667,0.374151,0.383499,0.317442
6.675,0.381866,0.296801,0.315433
6.68333,0.389555,0.301941,0.314155
6.69167,0.397216,0.47503,0.329715
6.7,0.40485,0.430538,0.339503
6.70833,0.412456,0.34879,0.340386
6.71667,0.420033,0.391486,0.345201
6.725,0.427581,0.437048,0.353878
6.73333,0.435099,0.351241,0.353635
6.74167,0.442587,0.446324,0.362223
6.75,0.450044,0.462107,0.37153
6.75833,0.45747,0.397081,0.373875
6.76667,0.464864,0.503465,0.385942
6.775,0.472226,0.438999,0.390845
6.78333,0.479555,0.425616,0.39402
6.79167,0.486851,0.518416,0.405529
6.8,0.494113,0.396401,0.404705
6.80833,0.501341,0.447712,0.408551
6.81667,0.508534,0.55946,0.422351
6.825,0.515692,0.43228,0.423242
6.83333,0.522813,0.427166,0.423587
6.84167,0.529899,0.585364,0.438194
6.85,0.536948,0.54067,0.44752
6.85833,0.543959,0.503502,0.452586
6.86667,0.550933,0.597501,0.465961
6.875,0.557868,0.639627,0.482414
6.88333,0.564765,0.493301,0.483425
6.89167,0.571622,0.476214,0.482771
6.9,0.57844,0.648065,0.498138
6.90833,0.585217,0.583554,0.506091
6.91667,0.591954,0.632462,0.518007
6.925,0.59865,0.615183,0.527207
6.93333,0.605304,0.668667,0.540811
6.94167,0.611916,0.545038,0.541209
6.95,0.618486,0.600823,0.546783
6.95833,0.625013,0.56565,0.548517
6.96667,0.631496,0.714979,0.564196
6.975,0.637936,0.734157,0.580586
6.98333,0.644331,0.643412,0.586607
6.99167,0.650681,0.61011,0.588822
7,0.656987,0.57806,0.587834
7.00833,0.663246,0.750217,0.603103
7.01667,0.66946,0.589634,0.60187
7.025,0.675627,0.647672,0.606027
7.03333,0.681747,0.639361,0.609017
7.04167,0.68782,0.702005,0.617403
7.05,0.693845,0.707377,0.625554
7.05833,0.699822,0.738203,0.635867
7.06667,0.70575,0.783992,0.6497
7.075,0.711629,0.729519,0.657152
7.08333,0.717459,0.787579,0.669496
7.09167,0.723239,0.819872,0.683987
7.1,0.728969,0.63363,0.679311
7.10833,0.734648,0.772062,0.687956
7.11667,0.740276,0.755057,0.694187
7.125,0.745853,0.767696,0.701001
7.13333,0.751378,0.671395,0.69834
7.14167,0.756851,0.685242,0.697192
7.15,0.762271,0.833504,0.709375
7.15833,0.767638,0.77125,0.714887
7.16667,0.772952,0.675723,0.711511
7.175,0.778213,0.837003,0.722519
7.18333,0.783419,0.87603,0.736318
7.19167,0.788571,0.699638,0.733126
7.2,0.793668,0.708806,0.731069
7.20833,0.79871,0.721008,0.730237
7.21667,0.803696,0.864423,0.74159
7.225,0.808627,0.84629,0.750561
7.23333,0.813502,0.810794,0.755712
7.24167,0.81832,0.91783,0.769987
7.25,0.823081,0.899027,0.781545
7.25833,0.827785,0.857398,0.788345
7.26667,0.832432,0.734758,0.783718
7.275,0.83702,0.832483,0.787905
7.28333,0.841551,0.789397,0.788031
7.29167,0.846023,0.898977,0.797508
7.3,0.850437,0.837321,0.800883
7.30833,0.854791,0.813519,0.801937
7.31667,0.859086,0.793261,0.801229
7.325,0.863321,0.943382,0.813138
7.33333,0.867497,0.845543,0.815828
7.34167,0.871612,0.887664,0.821811
7.35,0.875667,0.855036,0.824553
7.35833,0.879661,0.942652,0.834483
7.36667,0.883593,0.981103,0.847132
7.375,0.887465,0.926326,0.85399
7.38333,0.891274,0.825084,0.85156
7.39167,0.895022,0.837796,0.85043
7.4,0.898708,0.895125,0.854081
7.40833,0.902331,0.883461,0.856459
7.41667,0.905892,0.94962,0.864087
7.425,0.90939,0.840487,0.862206
7.43333,0.912824,0.864223,0.862364
7.44167,0.916196,0.879687,0.863704
7.45,0.919503,0.91232,0.867465
7.45833,0.922747,1.00241,0.878208
7.46667,0.925927,0.886389,0.87885
7.475,0.929042,1.02094,0.890327
7.48333,0.932093,0.933522,0.8938
7.49167,0.935079,0.962482,0.899347
7.5,0.938,0.911022,0.900276
7.50833,0.940856,0.927301,0.902407
7.51667,0.943647,0.921034,0.903859
7.525,0.946372,0.899343,0.903514
7.53333,0.949031,0.941212,0.906385
7.54167,0.951625,0.928469,0.908052
7.55,0.954152,0.969659,0.912727
7.55833,0.956613,0.982075,0.91803
7.56667,0.959008,0.894388,0.916268
7.575,0.961336,0.8906,0.914403
7.58333,0.963598,0.892288,0.912834
7.59167,0.965792,1.05886,0.923617
7.6,0.96792,1.03514,0.932055
7.60833,0.96998,1.06361,0.942305
7.61667,0.971973,1.02327,0.948678
7.625,0.973898,0.974105,0.950661
7.63333,0.975756,1.05007,0.95854
7.64167,0.977546,0.971763,0.959574
7.65,0.979268,0.991878,0.962083
7.65833,0.980922,0.927951,0.959509
7.66667,0.982508,0.898885,0.955111
7.675,0.984026,0.943753,0.954304
7.68333,0.985475,0.924388,0.952231
7.69167,0.986856,0.895313,0.94843
7.7,0.988168,1.03376,0.954256
7.70833,0.989412,0.892019,0.950169
7.71667,0.990587,0.905185,0.947305
7.725,0.991693,1.03719,0.953187
7.73333,0.992731,1.03613,0.958739
7.74167,0.993699,1.08675,0.967644
7.75,0.994599,0.90282,0.963311
7.75833,0.995429,1.07703,0.971168
7.76667,0.99619,0.982483,0.971943
7.775,0.996883,1.00727,0.974363
7.78333,0.997505,0.945193,0.972414
7.79167,0.998059,0.978191,0.972796
7.8,0.998543,1.08402,0.980398
7.80833,0.998958,0.957197,0.978848
7.81667,0.999304,0.925405,0.9754
7.825,0.99958,0.983109,0.975894
7.83333,0.999787,0.975106,0.975844
7.84167,0.999924,0.983278,0.976311
7.85,0.999992,1.03135,0.979817
7.85833,0.999991,1.0868,0.986871
7.86667,0.99992,1.04001,0.990409
7.875,0.999779,1.00335,0.991265
7.88333,0.999569,0.954956,0.988929
7.89167,0.99929,0.978079,0.988242
7.9,0.998941,0.907946,0.983389
7.90833,0.998523,1.04005,0.986872
7.91667,0.998036,0.986177,0.98683
7.925,0.997479,1.0809,0.99275
7.93333,0.996853,0.903728,0.987424
7.94167,0.996158,1.04036,0.990642
7.95,0.995394,0.974833,0.989697
7.95833,0.99456,1.03516,0.99245
7.96667,0.993658,0.908613,0.987611
7.975,0.992686,1.0442,0.990944
7.98333,0.991646,0.959666,0.989143
7.99167,0.990536,0.901561,0.984348
8,0.989358,0.986289,0.984454
8.00833,0.988111,1.00328,0.985487
8.01667,0.986796,0.960558,0.984143
8.025,0.985412,1.00123,0.985069
8.03333,0.98396,1.01052,0.98646
8.04167,0.982439,0.922922,0.983115
8.05,0.98085,0.885273,0.978246
8.05833,0.979193,1.02301,0.980529
8.06667,0.977468,0.878942,0.975304
8.075,0.975675,1.04734,0.97892
8.08333,0.973814,1.05641,0.982977
8.09167,0.971886,1.03097,0.985548
8.1,0.96989,1.06128,0.989751
8.10833,0.967827,0.926944,0.986393
8.11667,0.965696,1.05393,0.990119
8.125,0.963499,0.928097,0.986822
8.13333,0.961234,0.971062,0.985994
8.14167,0.958903,0.930882,0.983191
8.15,0.956506,1.0018,0.984146
8.15833,0.954041,0.865317,0.978014
8.16667,0.951511,0.963111,0.97724
8.175,0.948915,0.904217,0.973306
8.18333,0.946252,0.907091,0.969629
8.19167,0.943524,0.962224,0.969219
8.2,0.940731,1.03241,0.972593
8.20833,0.937872,0.929711,0.970259
8.21667,0.934948,0.981366,0.970858
8.225,0.931959,0.889291,0.966294
8.23333,0.928905,1.01772,0.969082
8.24167,0.925787,0.911283,0.965869
8.25,0.922604,0.957577,0.965408
8.25833,0.919358,0.914198,0.962506
8.26667,0.916047,0.995168,0.964316
8.275,0.912673,0.900067,0.960658
8.28333,0.909236,0.842714,0.953599
8.29167,0.905735,0.865969,0.948185
8.3,0.902172,0.952152,0.948428
8.30833,0.898546,0.91008,0.946066
8.31667,0.894857,0.949864,0.946298
8.325,0.891107,0.991078,0.948944
8.33333,0.887294,0.913836,0.946851
8.34167,0.88342,0.978619,0.948702
8.35,0.879484,0.884397,0.944869
8.35833,0.875488,0.844027,0.938626
8.36667,0.871431,0.91085,0.936902
8.375,0.867313,0.787544,0.927109
8.38333,0.863135,0.789668,0.91769
8.39167,0.858897,0.902077,0.916628
8.4,0.854599,0.782669,0.907147
8.40833,0.850242,0.916563,0.907801
8.41667,0.845826,0.910948,0.908017
8.425,0.841351,0.744039,0.896215
8.43333,0.836818,0.922012,0.898026
8.44167,0.832226,0.885486,0.897154
8.45,0.827577,0.755273,0.886881
8.45833,0.822871,0.803735,0.880766
8.46667,0.818107,0.801887,0.874889
8.475,0.813286,0.809972,0.870018
8.48333,0.808409,0.901934,0.872346
8.49167,0.803476,0.868949,0.872102
8.5,0.798487,0.800965,0.866926
8.50833,0.793443,0.840854,0.86504
8.51667,0.788343,0.828538,0.862404
8.525,0.783189,0.741353,0.853399
8.53333,0.77798,0.842706,0.852613
8.54167,0.772718,0.810932,0.849552
8.55,0.767401,0.832942,0.848343
8.55833,0.762032,0.703623,0.837416
8.56667,0.756609,0.692316,0.826079
8.575,0.751134,0.785885,0.82295
8.58333,0.745607,0.804902,0.821562
8.59167,0.740028,0.717177,0.813376
8.6,0.734397,0.688055,0.803306
8.60833,0.728716,0.653466,0.790893
8.61667,0.722984,0.802159,0.791805
8.625,0.717201,0.622045,0.777559
8.63333,0.711369,0.614677,0.763462
8.64167,0.705488,0.801858,0.766678
8.65,0.699557,0.794712,0.76896
8.65833,0.693578,0.757625,0.768052
8.66667,0.687551,0.720759,0.76427
8.675,0.681476,0.605402,0.751131
8.68333,0.675354,0.689877,0.746063
8.69167,0.669185,0.757276,0.746969
8.7,0.662969,0.616486,0.736166
8.70833,0.656708,0.609681,0.725474
8.71667,0.6504,0.681802,0.721805
8.725,0.644048,0.609363,0.712212
8.73333,0.637651,0.693669,0.710653
8.74167,0.631209,0.535942,0.695449
8.75,0.624724,0.669837,0.693249
8.75833,0.618195,0.639525,0.688651
8.76667,0.611624,0.699703,0.689575
8.775,0.60501,0.560724,0.678581
8.78333,0.598354,0.691577,0.679663
8.79167,0.591656,0.605265,0.673442
8.8,0.584917,0.518528,0.66011
8.80833,0.578138,0.581552,0.653325
8.81667,0.571318,0.545368,0.643885
8.825,0.564459,0.613351,0.641246
8.83333,0.557561,0.487809,0.62764
8.84167,0.550624,0.637202,0.628468
8.85,0.543648,0.458049,0.61326
8.85833,0.536635,0.475053,0.600691
8.86667,0.529585,0.51769,0.593128
8.875,0.522498,0.604145,0.594107
8.88333,0.515375,0.550181,0.590236
8.89167,0.508215,0.503593,0.582563
8.9,0.501021,0.413167,0.567131
8.90833,0.493792,0.528737,0.563671
8.91667,0.486528,0.410687,0.549574
8.925,0.479231,0.423158,0.537767
8.93333,0.4719,0.452975,0.529839
8.94167,0.464537,0.39562,0.517106
8.95,0.457141,0.38261,0.504171
8.95833,0.449714,0.406644,0.494763
8.96667,0.442255,0.371752,0.482782
8.975,0.434766,0.494154,0.483861
8.98333,0.427246,0.369652,0.472938
8.99167,0.419697,0.4416,0.469984
9,0.412118,0.338976,0.457472
9.00833,0.404512,0.501042,0.46149
9.01667,0.396876,0.377114,0.453696
9.025,0.389214,0.448077,0.453188
9.03333,0.381524,0.297639,0.438789
9.04167,0.373808,0.318834,0.427559
9.05,0.366066,0.416828,0.426574
9.05833,0.358298,0.31437,0.416173
9.06667,0.350506,0.446225,0.418874
9.075,0.342689,0.28891,0.407004
9.08333,0.334849,0.264039,0.393703
9.09167,0.326985,0.426548,0.396663
9.1,0.319098,0.281466,0.386159
9.10833,0.31119,0.215918,0.370224
9.11667,0.303259,0.268862,0.360683
9.125,0.295308,0.371633,0.361688
9.13333,0.287336,0.278706,0.354063
9.14167,0.279344,0.224909,0.342026
9.15,0.271333,0.369085,0.344473
9.15833,0.263303,0.182955,0.329505
9.16667,0.255255,0.243792,0.321548
9.175,0.247189,0.192398,0.309393
9.18333,0.239106,0.16925,0.295996
9.19167,0.231006,0.160891,0.282906
9.2,0.22289,0.202132,0.275095
9.20833,0.214759,0.142646,0.262132
9.21667,0.206612,0.211676,0.257244
9.225,0.198452,0.10497,0.24224
9.23333,0.190277,0.240247,0.242048
9.24167,0.18209,0.227592,0.240683
9.25,0.173889,0.133644,0.230508
9.25833,0.165677,0.152102,0.223065
9.26667,0.157453,0.196637,0.220595
9.275,0.149219,0.107136,0.209897
9.28333,0.140973,0.0581238,0.195315
9.29167,0.132719,0.0779516,0.183945
9.3,0.124454,0.0562242,0.171441
9.30833,0.116182,0.170741,0.171374
9.31667,0.107901,0.0854623,0.163155
9.325,0.0996125,0.17632,0.164381
9.33333,0.0913172,0.112703,0.159605
9.34167,0.0830156,0.118099,0.155809
9.35,0.0747083,0.113249,0.151955
9.35833,0.0663957,0.0125737,0.1391
9.36667,0.0580786,0.071491,0.132883
9.375,0.0497574,0.0715231,0.127267
9.38333,0.0414328,0.0567269,0.120823
9.39167,0.0331052,0.080988,0.117221
9.4,0.0247754,-0.00940782,0.105604
9.40833,0.0164439,0.0986729,0.104981
9.41667,0.00811121,0.0306066,0.0982919
9.425,-0.000222039,0.0791586,0.0965984
9.43333,-0.00855527,-0.058051,0.0825757
9.44167,-0.0168879,-0.0923587,0.0662647
9.45,-0.0252194,-0.0628835,0.054061
9.45833,-0.0335491,-0.0553634,0.0436463
9.46667,-0.0418765,-0.0755849,0.0321911
9.475,-0.0502009,0.0112573,0.0302146
9.48333,-0.0585219,-0.130728,0.0146967
9.49167,-0.0668388,-0.0354732,0.00990589
9.5,-0.0751511,-0.113537,-0.00200399
9.50833,-0.0834582,-0.031496,-0.00480635
9.51667,-0.0917594,-0.163644,-0.0202038
9.525,-0.100054,-0.0584371,-0.023862
9.53333,-0.108342,-0.0468514,-0.0260251
9.54167,-0.116623,-0.039507,-0.0272699
9.55,-0.124895,-0.0403326,-0.0284539
9.55833,-0.133159,-0.0918269,-0.0341785
9.56667,-0.141413,-0.0788014,-0.0381746
9.575,-0.149658,-0.235022,-0.0564312
9.58333,-0.157892,-0.0775291,-0.0583563
9.59167,-0.166115,-0.108875,-0.0629319
9.6,-0.174327,-0.133145,-0.0692822
9.60833,-0.182526,-0.234253,-0.0845862
9.61667,-0.190713,-0.163585,-0.0919139
9.625,-0.198887,-0.262359,-0.108122
9.63333,-0.207047,-0.184439,-0.115365
9.64167,-0.215192,-0.240537,-0.127377
9.65,-0.223323,-0.198045,-0.134131
9.65833,-0.231438,-0.192938,-0.139713
9.66667,-0.239537,-0.176274,-0.143139
9.675,-0.247619,-0.184832,-0.147004
9.68333,-0.255684,-0.194244,-0.151344
9.69167,-0.263732,-0.233379,-0.158889
9.7,-0.271761,-0.334033,-0.175437
9.70833,-0.279771,-0.298427,-0.187184
9.71667,-0.287762,-0.234063,-0.191616
9.725,-0.295732,-0.386474,-0.210596
9.73333,-0.303683,-0.205942,-0.210154
9.74167,-0.311612,-0.38076,-0.226745
9.75,-0.319519,-0.295968,-0.233443
9.75833,-0.327405,-0.302746,-0.240117
9.76667,-0.335267,-0.297446,-0.245596
9.775,-0.343106,-0.27695,-0.24855
9.78333,-0.350922,-0.255507,-0.249191
9.79167,-0.358713,-0.316329,-0.255366
9.8,-0.366479,-0.422299,-0.271102
9.80833,-0.37422,-0.342478,-0.27781
9.81667,-0.381935,-0.289509,-0.278889
9.825,-0.389623,-0.394837,-0.289689
9.83333,-0.397284,-0.430323,-0.303008
9.84167,-0.404918,-0.494116,-0.321633
9.85,-0.412523,-0.377105,-0.326993
9.85833,-0.4201,-0.349282,-0.32911
9.86667,-0.427648,-0.386081,-0.334481
9.875,-0.435165,-0.429214,-0.343443
9.88333,-0.442653,-0.418848,-0.350562
9.89167,-0.45011,-0.361343,-0.35156
9.9,-0.457536,-0.555375,-0.371078
9.90833,-0.46493,-0.452876,-0.378904
9.91667,-0.472292,-0.481109,-0.388727
9.925,-0.47962,-0.481479,-0.397658
9.93333,-0.486916,-0.5262,-0.410174
9.94167,-0.494178,-0.5396,-0.422911
9.95,-0.501405,-0.507052,-0.431178
9.95833,-0.508598,-0.411071,-0.429259
9.96667,-0.515755,-0.57994,-0.443895
9.975,-0.522877,-0.477079,-0.447072
9.98333,-0.529962,-0.605569,-0.462542
9.99167,-0.53701,-0.470367,-0.46329
